variable,role,label_txt,label_wiki_or_enrichment,unit,confidence,wiki_url,wiki_checked,pct_nan,n_neg8_neg9,n_unique,sample,assumptions_open,notes
GENDER,FEATURE,"Gender (1=male, 2=female)",Gender on the date of element,,confirmed,https://wiki.lifelines.nl/doku.php?id=default_variables,yes,0.0,0,2,2 | 1,,"Default results-table variable. Bootcamp TXT already documents 1=male, 2=female."
AGE_T1,FEATURE,Age at T1,Age on the date of element (years),years,confirmed,https://wiki.lifelines.nl/doku.php?id=default_variables,yes,0.0,0,63,50 | 33 | 52 | 74 | 78 | 46 | 39 | 28 | 32 | 64 | 43 | 41,,Default variable AGE (years) per results table; Global Summary also has AGE_[element] in months. Bootcamp AGE_T1 matches age at T1 assessment in years.
AGE_T2,FEATURE_T2,Age at T2,Age on the date of element (years),years,confirmed,https://wiki.lifelines.nl/doku.php?id=default_variables,yes,0.0,0,65,54 | 37 | 57 | 77 | 81 | 50 | 43 | 31 | 35 | 67 | 48 | 45,,"Inherited from AGE_T1 (same construct, later wave). Default variable AGE (years) per results table; Global Summary also has AGE_[element] in months. Bootcamp AGE_T1 matches age at T1 assessment in years."
AGE_T3,FEATURE_T3_LEAKAGE_RISK_IF_PREDICTING_EARLIER,Age at T3,Age on the date of element (years),years,confirmed,https://wiki.lifelines.nl/doku.php?id=default_variables,yes,0.0,0,68,59 | 43 | 63 | 83 | 89 | 58 | 48 | 37 | 41 | 73 | 56 | 51,,"Inherited from AGE_T1 (same construct, later wave). Default variable AGE (years) per results table; Global Summary also has AGE_[element] in months. Bootcamp AGE_T1 matches age at T1 assessment in years."
ZIP_CODE,FEATURE,4 number of zip code,Home zip code (PC4) on the date of element,,confirmed,https://wiki.lifelines.nl/doku.php?id=default_variables,yes,7.16,0,806,8564.0 | 9561.0 | 9551.0 | 9909.0 | 9502.0 | 8525.0 | 9212.0 | 9611.0 | 9501.0 | 9737.0 | 9713.0 | 7891.0,,Default variable ZIP_CODE (PC4). Also linkage key for NSES.
BMI_T1,FEATURE,Body Mass Index (kg/M^2) at baseline (T1),Body Mass Index (derived from measured height and weight),kg/m^2,partial,https://wiki.lifelines.nl/doku.php?id=anthropometry,yes,0.0,0,288,29.4 | 32.8 | 24.3 | 26.4 | 25.6 | 21.8 | 23.2 | 22.4 | 22.6 | 26.5 | 25.7 | 24.0,,BMI not listed as a named primary wiki variable; calculated from bodyheight_cm_all_m_1 (lengte) and bodyweight_kg_all_m_1 (gewicht). Validated anthropometry listed as future secondary. Bootcamp unit kg/M^2 aligns with standard BMI.
WEIGHT_T1,FEATURE,Weight in kg at second assessment (T1),weight in kg,kg,confirmed,https://wiki.lifelines.nl/doku.php?id=anthropometry,yes,0.0,0,199,90.0 | 95.0 | 71.0 | 91.0 | 74.0 | 54.0 | 72.0 | 67.0 | 69.0 | 85.0 | 73.5 | 81.0,,Wiki short name gewicht / bodyweight_kg_all_m_1 (measured). Bootcamp WEIGHT_T1 vs wiki gewicht; self-reported current weight uses WEIGHT. Bootcamp TXT label erroneously says 'second assessment (T1)'.
HIP_T1,FEATURE,Hip circumference in cm at baseline (T1),hip circumference in cm,cm,confirmed,https://wiki.lifelines.nl/doku.php?id=anthropometry,yes,0.0,0,142,108.0 | 114.0 | 95.0 | 96.0 | 99.0 | 91.0 | 101.0 | 100.0 | 84.0 | 105.0 | 104.0 | 90.0,,Wiki short name heupomv / circumference_hip_all_m_1. Measured at widest part of buttocks; 0.5 cm accuracy.
HEIGHT_T1,FEATURE,Height in cm at baseline (T1),height in cm,cm,confirmed,https://wiki.lifelines.nl/doku.php?id=anthropometry,yes,0.0,0,284,174.0 | 169.0 | 171.0 | 185.5 | 170.0 | 157.5 | 176.0 | 173.0 | 174.5 | 180.0 | 188.5 | 181.0,,Wiki short name lengte / bodyheight_cm_all_m_1 (measured Visit 1). Bootcamp HEIGHT_T1 name differs from wiki short name lengte; self-reported length uses LENGTH.
WAIST_T1,FEATURE,Waist circumference in cm at baseline T1),waist circumference in cm,cm,confirmed,https://wiki.lifelines.nl/doku.php?id=anthropometry,yes,0.0,0,155,106.0 | 95.0 | 78.0 | 97.0 | 72.0 | 82.0 | 88.0 | 75.0 | 77.0 | 102.0 | 90.0 | 87.0,,Wiki short name taille / circumference_waist_all_m_1. Between lowest rib and iliac crest; 0.5 cm accuracy. Sitting variant zttaille also exists.
BMI_T2,FEATURE_T2,Body Mass Index (kg/M^2) at second assessment (T2),Body Mass Index (derived from measured height and weight),kg/m^2,partial,https://wiki.lifelines.nl/doku.php?id=anthropometry,yes,0.22,0,290,29.7 | 31.9 | 25.1 | 27.8 | 23.8 | 22.1 | 22.5 | 21.1 | 23.9 | 25.5 | 22.0 | 30.0,,"Inherited from BMI_T1 (same construct, later wave). BMI not listed as a named primary wiki variable; calculated from bodyheight_cm_all_m_1 (lengte) and bodyweight_kg_all_m_1 (gewicht). Validated anthropometry listed as future secondary. Bootcamp unit kg/M^2 aligns with standard BMI."
WEIGHT_T2,FEATURE_T2,Weight in kg at second assessment (T2),weight in kg,kg,confirmed,https://wiki.lifelines.nl/doku.php?id=anthropometry,yes,0.22,0,192,89.0 | 96.0 | 72.0 | 92.5 | 67.5 | 57.0 | 70.0 | 63.0 | 73.0 | 88.0 | 71.5 | 69.5,,"Inherited from WEIGHT_T1 (same construct, later wave). Wiki short name gewicht / bodyweight_kg_all_m_1 (measured). Bootcamp WEIGHT_T1 vs wiki gewicht; self-reported current weight uses WEIGHT. Bootcamp TXT label erroneously says 'second assessment (T1)'."
HIP_T2,FEATURE_T2,Hip circumference in cm at second assessment (T2),hip circumference in cm,cm,confirmed,https://wiki.lifelines.nl/doku.php?id=anthropometry,yes,0.22,0,132,102.0 | 108.0 | 94.0 | 98.0 | 100.0 | 90.0 | 106.0 | 92.0 | 93.0 | 100.5 | 115.5 | 96.0,,"Inherited from HIP_T1 (same construct, later wave). Wiki short name heupomv / circumference_hip_all_m_1. Measured at widest part of buttocks; 0.5 cm accuracy."
HEIGHT_T2,FEATURE_T2,Height in cm at second assessment (T2),height in cm,cm,confirmed,https://wiki.lifelines.nl/doku.php?id=anthropometry,yes,0.22,0,298,174.0 | 170.5 | 171.5 | 185.0 | 169.5 | 158.0 | 176.0 | 173.5 | 179.0 | 188.0 | 175.5 | 181.0,,"Inherited from HEIGHT_T1 (same construct, later wave). Wiki short name lengte / bodyheight_cm_all_m_1 (measured Visit 1). Bootcamp HEIGHT_T1 name differs from wiki short name lengte; self-reported length uses LENGTH."
WAIST_T2,FEATURE_T2,Waist circumference in cm at second assessment (T2),waist circumference in cm,cm,confirmed,https://wiki.lifelines.nl/doku.php?id=anthropometry,yes,0.22,0,152,102.0 | 92.0 | 85.0 | 96.0 | 87.0 | 81.0 | 77.0 | 73.0 | 75.5 | 97.0 | 90.5 | 72.0,,"Inherited from WAIST_T1 (same construct, later wave). Wiki short name taille / circumference_waist_all_m_1. Between lowest rib and iliac crest; 0.5 cm accuracy. Sitting variant zttaille also exists."
HEIGHT_T3,FEATURE_T3_LEAKAGE_RISK_IF_PREDICTING_EARLIER,Height in cm at second assessment (T3),height in cm,cm,confirmed,https://wiki.lifelines.nl/doku.php?id=anthropometry,yes,0.0,0,428,172.0 | 169.7 | 170.0 | 185.5 | 167.0 | 157.5 | 175.9 | 174.0 | 175.0 | 178.0 | 169.0 | 187.5,,"Inherited from HEIGHT_T1 (same construct, later wave). Wiki short name lengte / bodyheight_cm_all_m_1 (measured Visit 1). Bootcamp HEIGHT_T1 name differs from wiki short name lengte; self-reported length uses LENGTH."
WEIGHT_T3,FEATURE_T3_LEAKAGE_RISK_IF_PREDICTING_EARLIER,Weight in kg at second assessment (T3),weight in kg,kg,confirmed,https://wiki.lifelines.nl/doku.php?id=anthropometry,yes,0.0,0,851,89.2 | 81.9 | 71.7 | 85.7 | 70.1 | 55.4 | 72.8 | 61.8 | 75.7 | 88.3 | 75.1 | 94.6,,"Inherited from WEIGHT_T1 (same construct, later wave). Wiki short name gewicht / bodyweight_kg_all_m_1 (measured). Bootcamp WEIGHT_T1 vs wiki gewicht; self-reported current weight uses WEIGHT. Bootcamp TXT label erroneously says 'second assessment (T1)'."
HIP_T3,FEATURE_T3_LEAKAGE_RISK_IF_PREDICTING_EARLIER,Hip circumference in cm at second assessment (T3),hip circumference in cm,cm,confirmed,https://wiki.lifelines.nl/doku.php?id=anthropometry,yes,0.01,0,157,106.0 | 105.0 | 103.0 | 96.0 | 93.0 | 104.0 | 90.5 | 107.0 | 108.0 | 120.0 | 94.5 | 100.0,,"Inherited from HIP_T1 (same construct, later wave). Wiki short name heupomv / circumference_hip_all_m_1. Measured at widest part of buttocks; 0.5 cm accuracy."
WAIST_T3,FEATURE_T3_LEAKAGE_RISK_IF_PREDICTING_EARLIER,Waist circumference in cm at second assessment (T3),waist circumference in cm,cm,confirmed,https://wiki.lifelines.nl/doku.php?id=anthropometry,yes,0.01,0,176,105.5 | 89.0 | 85.0 | 99.0 | 76.0 | 73.0 | 82.0 | 72.5 | 80.0 | 95.5 | 94.0 | 102.0,,"Inherited from WAIST_T1 (same construct, later wave). Wiki short name taille / circumference_waist_all_m_1. Between lowest rib and iliac crest; 0.5 cm accuracy. Sitting variant zttaille also exists."
EDUCATION_LOWER_T1,FEATURE,Education at baseline where the highest obtained degree is lower education (ranging from no education to junior general secondary education) (T1),Low educational attainment (EA=low) at baseline — highest finished degree from none/primary through junior general secondary (mavo/vmbo-t),,confirmed,https://wiki.lifelines.nl/doku.php?id=educational_attainment,yes,0.23,0,2,0.0 | 1.0,,Bootcamp EDUCATION_LOWER_T1 is binary indicator for EA=low (EDUCATION answers 1–4). See also https://wiki.lifelines.nl/doku.php?id=education
EDUCATION_LOWER_T2,FEATURE_T2,Education at second assessment where the highest obtained degree is lower education (ranging from no education to junior general secondary education) (T2),Low educational attainment (EA=low) at baseline — highest finished degree from none/primary through junior general secondary (mavo/vmbo-t),,confirmed,https://wiki.lifelines.nl/doku.php?id=educational_attainment,yes,9.13,0,2,0.0 | 1.0,,"Inherited from EDUCATION_LOWER_T1 (same construct, later wave). Bootcamp EDUCATION_LOWER_T1 is binary indicator for EA=low (EDUCATION answers 1–4). See also https://wiki.lifelines.nl/doku.php?id=education"
FINANCE_T1,FEATURE,Net income per month in categories at baseline (T1),Net household income per month (WORK4A / income_net_adu_q_1) — Demographics,EUR/month categories,partial,https://wiki.lifelines.nl/doku.php?id=income,yes,0.0,0,10,7 | 2 | 8 | 6 | 10 | 5 | 9 | 1 | 3 | 4,,Numeric codes inferred from option order on wiki to match observed 1–10; confirm against Lifelines catalogue/codebook. Variable name FINANCE_T1 is bootcamp alias for WORK4A-type income.
WORK_T1,FEATURE,Paid work (for at least a few hours a week) at baseline (T1),Paid work for one or a few hours a week (current employment),,confirmed,https://wiki.lifelines.nl/doku.php?id=employment_status,yes,11.15,0,2,1.0 | 0.0,,Matches WORK_T1 TXT label. Related WORK2A lifetime; WORK2C1–4 hours bands.
WORK_T2,FEATURE_T2,Paid work (for at least a few hours a week) at second assessment (T2),Paid work for one or a few hours a week (current employment),,confirmed,https://wiki.lifelines.nl/doku.php?id=employment_status,yes,9.01,0,2,1.0 | 0.0,,"Inherited from WORK_T1 (same construct, later wave). Matches WORK_T1 TXT label. Related WORK2A lifetime; WORK2C1–4 hours bands."
LOW_QUALITY_OF_LIFE_T1,FEATURE,Low quality of life (poor/mediocre) at baseline (T1),Low quality of life (poor/mediocre) — bootcamp dichotomization,,partial,https://wiki.lifelines.nl/doku.php?id=quality_of_life_rand,yes,0.02,0,2,0.0 | 1.0,,Related wiki RAND-36 / wellbeing. Bootcamp binary derived; exact cut not on wiki under this name.
LOW_QUALITY_OF_LIFE_T2,FEATURE_T2,Low quality of life (poor/mediocre) at second assessment (T2),Low quality of life (poor/mediocre) — bootcamp dichotomization,,partial,https://wiki.lifelines.nl/doku.php?id=quality_of_life_rand,yes,8.92,0,2,0.0 | 1.0,,Same construct as T1 at second assessment.
DBP_T1,FEATURE,Diastolic Blood Pressure in mm hg at baseline (T1),diastolic blood pressure (mmhg),mmHg,confirmed,https://wiki.lifelines.nl/doku.php?id=blood_pressure,yes,0.04,0,73,77.0 | 66.0 | 62.0 | 76.0 | 82.0 | 59.0 | 69.0 | 68.0 | 71.0 | 70.0 | 75.0 | 78.0,,Wiki code dbp / bpavg_diastolic_all_m_1. Average of readings per bpavg_calculation protocol; seated; 8+ years.
DBP_T2,FEATURE_T2,Diastolic Blood Pressure in mm hg at second assessment (T2),diastolic blood pressure (mmhg),mmHg,confirmed,https://wiki.lifelines.nl/doku.php?id=blood_pressure,yes,0.32,0,70,81.0 | 61.0 | 64.0 | 82.0 | 62.0 | 67.0 | 84.0 | 73.0 | 85.0 | 66.0 | 68.0 | 79.0,,"Inherited from DBP_T1 (same construct, later wave). Wiki code dbp / bpavg_diastolic_all_m_1. Average of readings per bpavg_calculation protocol; seated; 8+ years."
HBF_T1,FEATURE,Pulse rate in beats per minute at baseline (T1),Pulse rate in beats per minute (average over BP measurements),bpm,confirmed,https://wiki.lifelines.nl/doku.php?id=blood_pressure,yes,0.04,0,82,74.0 | 57.0 | 70.0 | 85.0 | 54.0 | 66.0 | 69.0 | 86.0 | 65.0 | 75.0 | 63.0 | 62.0,,Wiki code hbf / bpavg_pulse_all_m_1. Measured with BP protocol at visit.
HBF_T2,FEATURE_T2,Pulse rate in beats per minute at second assessment (T2),Pulse rate in beats per minute (average over BP measurements),bpm,confirmed,https://wiki.lifelines.nl/doku.php?id=blood_pressure,yes,0.32,0,84,92.0 | 72.0 | 68.0 | 90.0 | 65.0 | 69.0 | 73.0 | 62.0 | 78.0 | 67.0 | 55.0 | 85.0,,Same as HBF_T1 at second assessment wave. Wiki hbf at 2A.
MAP_T1,FEATURE,Mean Average Pressure at baseline (T1),mean arterial pressure (mmhg),mmHg,confirmed,https://wiki.lifelines.nl/doku.php?id=blood_pressure,yes,0.04,0,82,92.0 | 82.0 | 77.0 | 91.0 | 86.0 | 98.0 | 75.0 | 89.0 | 93.0 | 95.0 | 87.0 | 97.0,,Wiki code map / bpavg_arterial_all_m_1. Bootcamp 'Mean Average Pressure' = wiki mean arterial pressure (MAP).
MAP_T2,FEATURE_T2,Mean Average Pressure at second assessment (T2),mean arterial pressure (mmhg),mmHg,confirmed,https://wiki.lifelines.nl/doku.php?id=blood_pressure,yes,0.32,0,79,94.0 | 78.0 | 84.0 | 98.0 | 91.0 | 103.0 | 100.0 | 110.0 | 89.0 | 86.0 | 97.0 | 93.0,,"Inherited from MAP_T1 (same construct, later wave). Wiki code map / bpavg_arterial_all_m_1. Bootcamp 'Mean Average Pressure' = wiki mean arterial pressure (MAP)."
SBP_T1,FEATURE,Systolic Blood Pressure in mm hg at baseline (T1),systolic blood pressure (mmhg),mmHg,confirmed,https://wiki.lifelines.nl/doku.php?id=blood_pressure,yes,0.04,0,110,120.0 | 103.0 | 96.0 | 118.0 | 117.0 | 122.0 | 102.0 | 129.0 | 131.0 | 134.0 | 123.0 | 119.0,,Wiki code sbp / bpavg_systolic_all_m_1.
SBP_T2,FEATURE_T2,Systolic Blood Pressure in mm hg at second assessment (T2),systolic blood pressure (mmhg),mmHg,confirmed,https://wiki.lifelines.nl/doku.php?id=blood_pressure,yes,0.32,0,112,121.0 | 101.0 | 114.0 | 136.0 | 143.0 | 134.0 | 108.0 | 99.0 | 128.0 | 146.0 | 117.0 | 122.0,,"Inherited from SBP_T1 (same construct, later wave). Wiki code sbp / bpavg_systolic_all_m_1."
HTN_MED_T1,FEATURE,Hypertension medication at baseline first visit (T1),Hypertension medication (bootcamp) — closest wiki: how are you being treated for hypertension?,,partial,https://wiki.lifelines.nl/doku.php?id=cardiovascular_diseases,yes,0.3,0,2,0.0 | 1.0,,Bootcamp name HTN_MED_T1 not on wiki. Best matches: hypertension_treatment_adu_q_1 (HEALTH37) or ATC-derived antihypertensive indicator (https://wiki.lifelines.nl/doku.php?id=medication_atc). Observed values 0/1; coding inferred — do not invent HEALTH37 category labels without catalogue enum.
ALT_T1,FEATURE,Alat in lithium heparin tube (u/l) (T1),ALAT in heparin (U/L),U/L,confirmed,https://wiki.lifelines.nl/doku.php?id=blood_analyses,yes,49.49,0,106,23.0 | 20.0 | 10.0 | 17.0 | 14.0 | 24.0 | 33.0 | 18.0 | 26.0 | 30.0 | 28.0 | 12.0,,Wiki code ALT / alat_result_all_m_1. Assessed at 1A Visit 2 (subset ~59k at 1A). Bootcamp label says lithium heparin tube (u/l) — same analyte.
BALB_T1,FEATURE,Albumin in lithium heparin tube (g/l) (T1),Albumin in heparin (g/L),g/L,confirmed,https://wiki.lifelines.nl/doku.php?id=blood_analyses,yes,49.37,0,19,40.0 | 46.0 | 41.0 | 47.0 | 39.0 | 45.0 | 51.0 | 44.0 | 48.0 | 49.0 | 50.0 | 43.0,,Wiki code BALB / albumin_result_all_m_1. Matches bootcamp albumin in lithium heparin (g/l). Assessed subset ~59k at 1A.
BKR_T1,FEATURE,Creatinine in heparin (umol/L) (T1),Creatinine in heparin (umol/L),umol/L,confirmed,https://wiki.lifelines.nl/doku.php?id=blood_analyses,yes,0.35,0,102,64.0 | 59.0 | 83.0 | 61.0 | 69.0 | 54.0 | 80.0 | 62.0 | 55.0 | 63.0 | 81.0 | 75.0,,Wiki code BKR / creatinine_result_all_m_1. Matches bootcamp creatinine in heparin.
CHO_T1,FEATURE,Cholesterol (mmol/L) assessed on samples from baseline (T1),Cholesterol total in heparin (mmol/L),mmol/L,confirmed,https://wiki.lifelines.nl/doku.php?id=blood_analyses,yes,0.35,0,79,4.4 | 4.2 | 5.3 | 3.9 | 4.7 | 4.6 | 4.8 | 6.3 | 4.1 | 5.4 | 4.0 | 4.5,,Wiki code CHO / cholesterol_result_all_m_1.
GLU_T1,FEATURE,Glucose (mmol/L) assessed on samples from baseline (T1),Glucose in NaF (mmol/L),mmol/L,confirmed,https://wiki.lifelines.nl/doku.php?id=blood_analyses,yes,0.66,0,101,4.3 | 4.8 | 8.0 | 4.5 | 4.6 | 5.7 | 4.2 | 5.8 | 5.3 | 5.0 | 5.1 | 5.2,,Wiki code GLU / glucose_result_all_m_1. Fasting status separate variable NUCHTER. Also relevant to diabetes assessment (https://wiki.lifelines.nl/doku.php?id=diabetes).
HB1C_T1,HBA1C_MMOLMOL,Hba1c in k2-edta tube (mmol/mol) (T1),HbA1c in EDTA Sysmex (mmol/mol),mmol/mol,confirmed,https://wiki.lifelines.nl/doku.php?id=blood_analyses,yes,21.45,0,64,37.0 | 34.0 | 46.0 | 40.0 | 42.0 | 32.0 | 33.0 | 39.0 | 35.0 | 41.0 | 31.0 | 38.0,Eenheid mmol/mol; zelfde construct als HBAC (niet beide als losse features zonder check),Wiki code HB1C / hba1cconc_result_all_m_1. Bootcamp label: Hba1c in k2-edta tube (mmol/mol).
HBAC_T1,HBA1C_PERCENT,Hba1c in k2-edta tube (%) (T1),HbA1c in EDTA Sysmex (%),%,confirmed,https://wiki.lifelines.nl/doku.php?id=blood_analyses,yes,0.69,0,61,5.5 | 5.3 | 5.7 | 6.3 | 5.8 | 5.6 | 5.1 | 6.0 | 5.0 | 5.2 | 5.4 | 5.9,Eenheid %; cutoff diabetes vaak ≥6.5%; treatment-target vaak >7.0,Wiki code HBAC / hba1cperc_result_all_m_1. Same analyte as HB1C in alternate unit (%).
HDC_T1,FEATURE,Hdl cholesterol in lithium heparin tube (mmol/l) (T1),HDL Cholesterol in heparin (mmol/L),mmol/L,confirmed,https://wiki.lifelines.nl/doku.php?id=blood_analyses,yes,0.35,0,35,1.1 | 1.0 | 1.9 | 0.9 | 1.2 | 1.3 | 1.4 | 1.6 | 1.8 | 2.3 | 1.5 | 2.1,,Wiki code HDC / hdlchol_result_all_m_1. Bootcamp: Hdl cholesterol in lithium heparin tube.
LDC_T1,FEATURE,Ldl cholesterol in lithium heparin tube (mmol/l) (T1),LDL Cholesterol in heparin (mmol/L),mmol/L,confirmed,https://wiki.lifelines.nl/doku.php?id=blood_analyses,yes,0.35,0,71,2.2 | 3.2 | 2.3 | 2.6 | 3.4 | 3.7 | 2.0 | 2.5 | 3.1 | 4.2 | 2.4 | 4.0,,Wiki code LDC / ldlchol_result_all_m_1.
TGL_T1,FEATURE,Triglycerides in lithium heparin tube (mmol/l) (T1),Triglycerides in heparin (mmol/L),mmol/L,confirmed,https://wiki.lifelines.nl/doku.php?id=blood_analyses,yes,0.35,0,436,2.5 | 0.87 | 0.79 | 2.05 | 0.89 | 0.85 | 0.98 | 0.56 | 0.75 | 0.67 | 0.82 | 1.35,,Wiki code TGL / triglyceride_result_all_m_1.
UZ_T1,FEATURE,Uric acid in lithium heparin tube (mmol/l) (T1),Uric acid in heparin (mmol/L),mmol/L,confirmed,https://wiki.lifelines.nl/doku.php?id=blood_analyses,yes,49.49,0,52,0.26 | 0.15 | 0.29 | 0.3 | 0.27 | 0.2 | 0.21 | 0.36 | 0.28 | 0.45 | 0.37 | 0.18,,Wiki code UZ / uricacid_result_all_m_1. Matches bootcamp uric acid in lithium heparin.
BKR_T2,FEATURE_T2,Creatinine in heparin (umol/L) (T2),Creatinine in heparin (umol/L),umol/L,confirmed,https://wiki.lifelines.nl/doku.php?id=blood_analyses,yes,3.08,0,111,64.0 | 69.0 | 67.0 | 87.0 | 96.0 | 63.0 | 71.0 | 66.0 | 79.0 | 58.0 | 53.0 | 55.0,,"Inherited from BKR_T1 (same construct, later wave). Wiki code BKR / creatinine_result_all_m_1. Matches bootcamp creatinine in heparin."
CHO_T2,FEATURE_T2,Cholesterol (mmol/L) assessed on samples from second assessment second visit (T2),Cholesterol total in heparin (mmol/L),mmol/L,confirmed,https://wiki.lifelines.nl/doku.php?id=blood_analyses,yes,3.08,0,75,5.9 | 4.1 | 5.1 | 3.7 | 3.4 | 4.8 | 3.0 | 4.9 | 5.0 | 6.8 | 4.3 | 4.6,,"Inherited from CHO_T1 (same construct, later wave). Wiki code CHO / cholesterol_result_all_m_1."
GLU_T2,FEATURE_T2,Glucose (mmol/L) assessed on samples from second assessment (T2),Glucose in NaF (mmol/L),mmol/L,confirmed,https://wiki.lifelines.nl/doku.php?id=blood_analyses,yes,3.69,0,104,4.0 | 4.6 | 4.8 | 8.1 | 4.2 | 5.1 | 4.5 | 5.8 | 5.0 | 4.9 | 5.2 | 4.7,,"Inherited from GLU_T1 (same construct, later wave). Wiki code GLU / glucose_result_all_m_1. Fasting status separate variable NUCHTER. Also relevant to diabetes assessment (https://wiki.lifelines.nl/doku.php?id=diabetes)."
HB1C_T2,HBA1C_MMOLMOL,Hba1c in k2-edta tube (mmol/mol) (T2),HbA1c in EDTA Sysmex (mmol/mol),mmol/mol,confirmed,https://wiki.lifelines.nl/doku.php?id=blood_analyses,yes,3.27,0,68,37.0 | 33.0 | 38.0 | 44.0 | 39.0 | 36.0 | 31.0 | 32.0 | 41.0 | 35.0 | 42.0 | 30.0,Eenheid mmol/mol; zelfde construct als HBAC (niet beide als losse features zonder check) | 0-waarden gezien in eerdere EDA: behandel ≤0 als missing voor %,"Inherited from HB1C_T1 (same construct, later wave). Wiki code HB1C / hba1cconc_result_all_m_1. Bootcamp label: Hba1c in k2-edta tube (mmol/mol)."
HBAC_T2,HBA1C_PERCENT,Hba1c in k2-edta tube (%) (T2),HbA1c in EDTA Sysmex (%),%,confirmed,https://wiki.lifelines.nl/doku.php?id=blood_analyses,yes,3.44,0,66,5.5 | 5.2 | 5.7 | 6.2 | 5.8 | 5.6 | 5.4 | 5.0 | 5.1 | 5.9 | 6.0 | 4.9,Eenheid %; cutoff diabetes vaak ≥6.5%; treatment-target vaak >7.0 | 0-waarden gezien in eerdere EDA: behandel ≤0 als missing voor %,"Inherited from HBAC_T1 (same construct, later wave). Wiki code HBAC / hba1cperc_result_all_m_1. Same analyte as HB1C in alternate unit (%)."
HDC_T2,FEATURE_T2,Hdl cholesterol in lithium heparin tube (mmol/l) (T2),HDL Cholesterol in heparin (mmol/L),mmol/L,confirmed,https://wiki.lifelines.nl/doku.php?id=blood_analyses,yes,3.08,0,36,1.0 | 0.9 | 1.6 | 1.3 | 1.2 | 1.4 | 1.7 | 1.9 | 2.3 | 1.5 | 2.6 | 1.1,,"Inherited from HDC_T1 (same construct, later wave). Wiki code HDC / hdlchol_result_all_m_1. Bootcamp: Hdl cholesterol in lithium heparin tube."
LDC_T2,FEATURE_T2,Ldl cholesterol in lithium heparin tube (mmol/l) (T2),LDL Cholesterol in heparin (mmol/L),mmol/L,confirmed,https://wiki.lifelines.nl/doku.php?id=blood_analyses,yes,3.08,0,69,4.0 | 2.8 | 3.4 | 2.1 | 2.0 | 3.1 | 2.2 | 1.8 | 2.9 | 3.0 | 4.2 | 2.6,,"Inherited from LDC_T1 (same construct, later wave). Wiki code LDC / ldlchol_result_all_m_1."
TGL_T2,FEATURE_T2,Triglycerides in lithium heparin tube (mmol/l) (T2),Triglycerides in heparin (mmol/L),mmol/L,confirmed,https://wiki.lifelines.nl/doku.php?id=blood_analyses,yes,3.08,0,452,1.85 | 1.75 | 0.72 | 1.48 | 1.02 | 1.23 | 1.57 | 0.65 | 0.9 | 0.76 | 0.91 | 0.89,,"Inherited from TGL_T1 (same construct, later wave). Wiki code TGL / triglyceride_result_all_m_1."
CHO_T3,FEATURE_T3_LEAKAGE_RISK_IF_PREDICTING_EARLIER,Cholesterol (mmol/L) assessed on samples from second assessment second visit (T3),Cholesterol total in heparin (mmol/L),mmol/L,confirmed,https://wiki.lifelines.nl/doku.php?id=blood_analyses,yes,4.48,0,77,5.5 | 5.2 | 3.4 | 3.7 | 4.8 | 3.1 | 4.0 | 5.7 | 6.2 | 4.5 | 4.7 | 2.9,,"Inherited from CHO_T1 (same construct, later wave). Wiki code CHO / cholesterol_result_all_m_1."
GLU_T3,FEATURE_T3_LEAKAGE_RISK_IF_PREDICTING_EARLIER,Glucose (mmol/L) assessed on samples from second assessment (T3),Glucose in NaF (mmol/L),mmol/L,confirmed,https://wiki.lifelines.nl/doku.php?id=blood_analyses,yes,5.67,0,109,5.0 | 4.7 | 4.6 | 7.0 | 4.5 | 5.9 | 4.3 | 4.8 | 5.4 | 6.6 | 4.9 | 5.8,,"Inherited from GLU_T1 (same construct, later wave). Wiki code GLU / glucose_result_all_m_1. Fasting status separate variable NUCHTER. Also relevant to diabetes assessment (https://wiki.lifelines.nl/doku.php?id=diabetes)."
HB1C_T3,HBA1C_MMOLMOL,Hba1c in k2-edta tube (mmol/mol) (T3),HbA1c in EDTA Sysmex (mmol/mol),mmol/mol,confirmed,https://wiki.lifelines.nl/doku.php?id=blood_analyses,yes,4.67,0,74,39.0 | 37.0 | 40.0 | 45.0 | 34.0 | 32.0 | 42.0 | 44.0 | 36.0 | 31.0 | 41.0 | 35.0,Eenheid mmol/mol; zelfde construct als HBAC (niet beide als losse features zonder check),"Inherited from HB1C_T1 (same construct, later wave). Wiki code HB1C / hba1cconc_result_all_m_1. Bootcamp label: Hba1c in k2-edta tube (mmol/mol)."
HBAC_T3,HBA1C_PERCENT,Hba1c in k2-edta tube (%) (T3),HbA1c in EDTA Sysmex (%),%,confirmed,https://wiki.lifelines.nl/doku.php?id=blood_analyses,yes,4.67,0,67,5.7 | 5.6 | 5.8 | 6.3 | 5.9 | 5.3 | 5.0 | 5.2 | 6.0 | 6.1 | 6.2 | 5.4,Eenheid %; cutoff diabetes vaak ≥6.5%; treatment-target vaak >7.0,"Inherited from HBAC_T1 (same construct, later wave). Wiki code HBAC / hba1cperc_result_all_m_1. Same analyte as HB1C in alternate unit (%)."
HDC_T3,FEATURE_T3_LEAKAGE_RISK_IF_PREDICTING_EARLIER,Hdl cholesterol in lithium heparin tube (mmol/l) (T3),HDL Cholesterol in heparin (mmol/L),mmol/L,confirmed,https://wiki.lifelines.nl/doku.php?id=blood_analyses,yes,4.48,0,32,1.1 | 1.3 | 1.6 | 0.9 | 1.2 | 1.5 | 2.0 | 1.9 | 1.8 | 1.0 | 1.4 | 1.7,,"Inherited from HDC_T1 (same construct, later wave). Wiki code HDC / hdlchol_result_all_m_1. Bootcamp: Hdl cholesterol in lithium heparin tube."
LDC_T3,FEATURE_T3_LEAKAGE_RISK_IF_PREDICTING_EARLIER,Ldl cholesterol in lithium heparin tube (mmol/l) (T3),LDL Cholesterol in heparin (mmol/L),mmol/L,confirmed,https://wiki.lifelines.nl/doku.php?id=blood_analyses,yes,4.48,0,71,3.6 | 3.7 | 3.4 | 2.1 | 2.2 | 3.5 | 3.0 | 1.6 | 2.8 | 4.5 | 3.2 | 1.8,,"Inherited from LDC_T1 (same construct, later wave). Wiki code LDC / ldlchol_result_all_m_1."
TGL_T3,FEATURE_T3_LEAKAGE_RISK_IF_PREDICTING_EARLIER,Triglycerides in lithium heparin tube (mmol/l) (T3),Triglycerides in heparin (mmol/L),mmol/L,confirmed,https://wiki.lifelines.nl/doku.php?id=blood_analyses,yes,4.48,0,444,2.52 | 1.23 | 0.7 | 1.27 | 1.06 | 0.75 | 1.45 | 0.46 | 0.79 | 1.99 | 1.07 | 0.54,,"Inherited from TGL_T1 (same construct, later wave). Wiki code TGL / triglyceride_result_all_m_1."
RESPIRATORY_DISEASE_T1,FEATURE,Respiratory disease at baseline (T1),Respiratory disease at baseline (bootcamp composite / self-report),,partial,https://wiki.lifelines.nl/doku.php?id=respiratory_diseases,yes,0.23,0,2,0.0 | 1.0,,"Related: COPD, asthma, sinusitis presence on wiki. Exact composite definition = bootcamp; Tim confirm 0/1."
SMOKING,FEATURE,Currently smoking at baseline (T1),Current smoker at baseline (smoking derivative currsmoker / current_smoker_adu_c_1),,confirmed,https://wiki.lifelines.nl/doku.php?id=smoking_derivatives,yes,1.51,0,2,0.0 | 1.0,,Label 'Currently smoking at baseline' matches currsmoker. Raw Q: smoking_current_adu_q_1 (smk3). See also smoking_tobacco_use and smoking_derivatives_v2.
METABOLIC_DISORDER_T1,TARGET_CANDIDATE,Metabolic disorder at baseline (T1),"Metabolic disorder at T1 (bootcamp). Observed values include 0,1 and negative codes likely missing.",,partial,https://wiki.lifelines.nl/doku.php?id=diabetes,yes,0.02,39,4,0.0 | 1.0 | -9.0 | -8.0,"AANNAME: 1=ja, 0=nee; -8/-9=missing (niet wiki-bevestigd; bootcamp-composiet)",Bootcamp composite; wiki has diabetes Qs (HEALTH17/HEALTH100) not METABOLIC_DISORDER. Notebook drops <0.
METABOLIC_DISORDER_T2,TARGET_CANDIDATE,Metabolic disorder at second assessment (T2),Metabolic disorder at T2 (bootcamp).,,partial,https://wiki.lifelines.nl/doku.php?id=diabetes,yes,0.02,45,4,0.0 | 1.0 | -9.0 | -8.0,"AANNAME: 1=ja, 0=nee; -8/-9=missing (niet wiki-bevestigd; bootcamp-composiet)",Same coding pattern as T1 in data; confirm with bootcamp.
METABOLIC_DISORDER_T3,TARGET_CANDIDATE,"Metabolic disorder at second assessment (T3), 1 = yes, 2 = no",Metabolic disorder at T3 (bootcamp).,,partial,https://wiki.lifelines.nl/doku.php?id=diabetes,yes,18.75,0,2,2.0 | 1.0,"AANNAME: 1=ja, 2=nee (zoals starter notebook 2→0); coding ≠ T1/T2",DIFFERENT coding than T1/T2. needs_bootcamp_confirm.
TYPE2_DIABETES_FAMILY_FATHER,FEATURE,"Father has diabetes mellitus type 2 (T1), 1 = yes, blank = no",Father has/had diabetes mellitus type 2,,partial,https://wiki.lifelines.nl/doku.php?id=familial_diabetes,yes,97.37,0,1,1.0,"Bootcamp TXT: 1=yes, blank=no — hoge NaN is waarschijnlijk ""nee""/niet aangevinkt",Wiki health102b / t2d_father_fam_q_1. Synth only shows value 1 — encoding needs Tim confirm for modeling.
TYPE2_DIABETES_FAMILY_MOTHER,FEATURE,"Mother has diabetes mellitus type 2 (T1), 1 = yes, blank = no",Mother has/had diabetes mellitus type 2,,partial,https://wiki.lifelines.nl/doku.php?id=familial_diabetes,yes,96.93,0,1,1.0,"Bootcamp TXT: 1=yes, blank=no — hoge NaN is waarschijnlijk ""nee""/niet aangevinkt",Wiki health102c / t2d_mother_fam_q_1.
LLDS,FEATURE,"Lifelines Diet Score as continuous variable, with a range between 0 and 48, at baseline (T1)",Lifelines Diet Score (LLDS) — relative diet quality from baseline FFQ-heart; 12 food groups × 0–4 points,score 0–48 (sum of 12×0–4),confirmed,https://wiki.lifelines.nl/doku.php?id=lifelines_diet_score,yes,11.62,0,40,34.0 | 27.0 | 32.0 | 28.0 | 35.0 | 19.0 | 18.0 | 31.0 | 21.0 | 25.0 | 30.0 | 23.0,,"9 positive groups (veg, fruit, whole grain, legumes/nuts, fish, oils/soft margarines, unsweetened dairy, coffee/tea) + 3 negative (red/processed meat, butter/hard margarines, SSB) scored inversely. Based on g/1000 kcal quintiles. Calculated for ~130k with complete/reliable FFQ."
SUMOFALCOHOL,FEATURE,Total alcohol intake in grams per day as a mean at baseline (T1),Total alcohol intake in g/day (FFQ heart) — alcohol_intake_adu_c_1 / sumofalcohol,g/day,confirmed,https://wiki.lifelines.nl/doku.php?id=ffq_sum_scores,yes,34.85,0,1536,0.0 | 18.59 | 1.57 | 2.35 | 1.34 | 16.36 | 1.62 | 3.42 | 26.47 | 18.43 | 1.78 | 6.3,,Exact wiki variable sumofalcohol. Heart+petals version is alcohol_intake_adu_c_2 (alcohol). Extreme values not corrected by WUR; missing frequency → food excluded (possible underestimation).
SUMOFKCAL,FEATURE,Total energy intake per day expressed in kcal as a mean at baseline (T1),Total energy intake per day in kcal (FFQ heart) — kcal_intake_adu_c_1 / sumofkcal,kcal/day,confirmed,https://wiki.lifelines.nl/doku.php?id=ffq_sum_scores,yes,34.78,0,6970,973.1 | 1251.24 | 2061.55 | 1070.81 | 2189.36 | 1997.36 | 5309.04 | 1989.41 | 2135.15 | 2788.77 | 2365.94 | 2200.01,,Exact wiki variable sumofkcal. Heart+petals: kcal_intake_adu_c_2 (kcal). NEVO 2011 nutrient database. Reliability flag: ffq_reliability_adu_c_1 (betrouwbaarheid).
MWK_VAL,FEATURE,Minutes of weekly physical activity on moderate and vigorous intensity level at baseline (T1),Minutes/week moderate-to-vigorous physical activity (incl. occupational domains),min/week,partial,https://wiki.lifelines.nl/doku.php?id=squash_sum_scores,yes,6.5,0,1083,1248.0 | 0.0 | 510.0 | 540.0 | 405.0 | 235.0 | 50.0 | 735.0 | 325.0 | 360.0 | 250.0 | 514.0,,Bootcamp: MVPA minutes including occupational. Wiki publishes mvpa_mwk (total MVPA min/week v2). Exact VAL vs NO_VAL split = Byambasukh domain choice.
SCOR_VAL,FEATURE,"Score for weekly physical activity on moderate and vigorous intensity level, based on the sum of minutes per activity times the intensity of the specific activity at baseline (T1)","MVPA activity score (min × intensity), including occupational",activity score,partial,https://wiki.lifelines.nl/doku.php?id=squash_sum_scores,yes,6.49,0,1626,6300.0 | 0.0 | 2290.0 | 2700.0 | 3315.0 | 1200.0 | 275.0 | 4280.0 | 2055.0 | 1700.0 | 1250.0 | 2600.0,,Related wiki mvpa_scor / squashsum_mvpascore_adu_c_1.
MWK_NO_VAL,FEATURE,"Minutes of weekly physical activity on moderate and vigorous intensity level, in leisure time and commuting domains (but not occupational) at baseline (T1)",Minutes/week MVPA leisure+commuting only (excl. occupational),min/week,partial,https://wiki.lifelines.nl/doku.php?id=squash_sum_scores,yes,6.5,0,429,360.0 | 0.0 | 495.0 | 540.0 | 405.0 | 240.0 | 54.0 | 140.0 | 325.0 | 225.0 | 245.0 | 40.0,,Bootcamp: excl. occupational. Wiki recommends deciding include/exclude occupational PA; intermediate domain vars on request.
SCOR_NO_VAL,FEATURE,"Score for weekly physical activity on moderate and vigorous intensity level, in leisure time and commuting domains (but not occupational), based on the sum of minutes per activity times the intensity of the specific activity at baseline (T1)",MVPA activity score leisure+commuting only (excl. occupational),activity score,partial,https://wiki.lifelines.nl/doku.php?id=squash_sum_scores,yes,6.5,0,958,1800.0 | 0.0 | 3120.0 | 2750.0 | 3240.0 | 1200.0 | 180.0 | 960.0 | 2040.0 | 160.0 | 35.0 | 1650.0,,Domain-restricted score; see squash_sum_scores + Byambasukh thesis.
SPORTS_T1,FEATURE,Participates in sports at baseline in precentage (T1),Participates in sports at baseline (bootcamp binary; wiki: physical activity sports / SQUASH leisure-time sports),,partial,https://wiki.lifelines.nl/doku.php?id=physical_activity_sports,yes,6.48,0,2,0.0 | 1.0,,TXT label says 'in precentage' (typo). Exact SPORTS_T1 binary not listed under that name; concept confirmed via sports + SQUASH pages. Also https://wiki.lifelines.nl/doku.php?id=sport_coding
CYCLE_COMMUTE_T1,FEATURE,Cycles to work (commute) at least 1 day during the week at baseline (T1),Cycles to work (commute) ≥1 day/week (bootcamp binary from SQUASH commuting bicycle frequency),,partial,https://wiki.lifelines.nl/doku.php?id=physical_activity_squash,yes,13.24,0,2,1.0 | 0.0,,"Wiki documents SQUASH commuting (woon-werk) with frequency in days/week; exact CYCLE_COMMUTE_T1 name is bootcamp-derived. Related: squash_sum_scores wwmis_v2 for commuting missing. General Lifelines missing codes (-8,-9 etc.): NOT found as a documented universal scheme on wiki; income uses response options 'I do not know' / 'I prefer not to answer' as categories; metabolic outcome columns in this dataset use -8/-9 but that is not wiki-confirmed as cohort-wide."
VOLUNTEER_T1,FEATURE,Participates in organized volunteer work at baseline (T1),Participates in organized volunteer work,,partial,https://wiki.lifelines.nl/doku.php?id=hobbies_activities,yes,16.32,0,2,0.0 | 1.0,,Related wiki activities_volunteering_adu_q_1 (ACTQ activ4). Also lifestyle_environment lists Volunteer work (general). Exact baseline item may differ.
PREGNANCIES,FEATURE,Number of times participant has given birth at baseline (T1),How often have you given birth? (delivery_frequency_adu_q_1 / FEM13),count (number of deliveries),confirmed,https://wiki.lifelines.nl/doku.php?id=pregnancy_outcomes,yes,43.85,0,11,2.0 | 3.0 | 0.0 | 4.0 | 1.0 | 5.0 | 6.0 | 7.0 | 9.0 | 8.0 | 11.0,,TXT: number of times participant has given birth at baseline. Female-only → high missing expected (males/NA). ROAQ covers up to 9 pregnancies separately.
OSTEOARTHRITIS,FEATURE,Joint degradation (osteoarthritis) — see TXT OSTEOARTHRITIS_T1,Osteoarthritis (data column).,,partial,https://wiki.lifelines.nl/doku.php?id=diseases_symptoms,yes,0.0,0,2,0 | 1,,TXT label is OSTEOARTHRITIS_T1 — rename mismatch.
BURNOUT_T1,FEATURE,Burnout at baseline (T1),Burnout / have you (had) burnout? (self-report presence),,partial,https://wiki.lifelines.nl/doku.php?id=mental_illnesses,yes,0.0,0,2,0 | 1,,Related wiki: burnout_presence_adu_q_1 (HEALTH72I2). Exact 0/1 encoding not published on wiki — Tim confirm.
DEPRESSION_T1,FEATURE,Depression at baseline (T1),Depression / have you (had) depression? (self-report presence),,partial,https://wiki.lifelines.nl/doku.php?id=mental_illnesses,yes,0.0,0,2,0 | 1,,Related wiki: depression_presence_adu_q_1 (HEALTH72I3).
SLEEP_QUALITY,FEATURE,Poor sleep quality as measured through the PSQI at baseline (T1),Poor sleep quality (PSQI dichotomized) — psqi_qualityscore_adu_c_1 / PSQIscore_1miss_dich,,partial,https://wiki.lifelines.nl/doku.php?id=sleep_indices_psqi_mctq_ess,yes,52.51,0,2,0.0 | 1.0,,Assessed at 1B (not 1A visit); high missing in T1 bootcamp table expected. Related: PSQIscore_1miss continuous global score.
DIAG_CFS_CDC,FEATURE,Fulfill CDC Chronic Fatigue Syndrome criteria (T2),Participant fulfills CDC criteria for Chronic Fatigue Syndrome (CFS),,partial,https://wiki.lifelines.nl/doku.php?id=cfs_diagnostic_score,yes,14.33,0,2,0.0 | 1.0,,Wiki cfs_cdc_adu_c_1 / CFS_CDC_final at 2A/3A. Bootcamp name DIAG_CFS_CDC matches. Confirm 0/1 polarity.
DIAG_FIBROMYALGIA_ACR,FEATURE,Fulfill ACR Fibromyalgia criteria (T2),Fulfill ACR / FSQ fibromyalgia criteria (bootcamp),,partial,https://wiki.lifelines.nl/doku.php?id=musculoskeletal_pain_wpi,yes,15.43,0,2,0.0 | 1.0,,Closest wiki: WPI (ACR-related FSQ). Also self-report fibromyalgia_presence. Bootcamp likely derived ACR score — confirm coding.
DIAG_IBS_ROME3,FEATURE,Fulfill ROMEIII Irritable bowel syndrome criteria (T2),Participant fulfills ROME3 criteria for Irritable Bowel Syndrome (IBS),,partial,https://wiki.lifelines.nl/doku.php?id=ibs_diagnostic_score,yes,14.24,0,2,0.0 | 1.0,,Wiki ibs_rome3_adu_c_1 / IBS_ROME3. Confirm 0/1 polarity.
C_SUM_T1,FEATURE,"Sum of all items within facet Competence. Complete cases only, (T1)",Sum of complete competence facet (NEO),score 0-40,confirmed,https://wiki.lifelines.nl/doku.php?id=personality_sum_scores_neo,yes,7.02,0,28,28.0 | 32.0 | 26.0 | 31.0 | 29.0 | 27.0 | 30.0 | 33.0 | 21.0 | 23.0 | 25.0 | 34.0,,Maps to wiki SUM1_C / neocomplete_competence_adu_c_1.
A_SUM_T1,FEATURE,"Sum of all items within facet Anger-hostility. Complete cases only, (T1)",Sum of complete anger-hostility facet (NEO),score 0-40,confirmed,https://wiki.lifelines.nl/doku.php?id=personality_sum_scores_neo,yes,7.03,0,29,22.0 | 20.0 | 15.0 | 24.0 | 29.0 | 18.0 | 23.0 | 16.0 | 12.0 | 17.0 | 19.0 | 10.0,,"Maps to wiki SUM1_A / neocomplete_hostility_adu_c_1 (complete facet, no missings)."
SC_SUM_T1,FEATURE,"Sum of all items within facet Self-consciousness. Complete cases only, (T1)",Sum of complete self-consciousness facet (NEO),score 0-40,confirmed,https://wiki.lifelines.nl/doku.php?id=personality_sum_scores_neo,yes,6.79,0,32,21.0 | 28.0 | 22.0 | 20.0 | 31.0 | 18.0 | 23.0 | 25.0 | 24.0 | 14.0 | 16.0 | 17.0,,Maps to wiki SUM1_SC / neocomplete_selfconsciousness_adu_c_1.
I_SUM_T1,FEATURE,"Sum of all items within facet Impulsivity. Complete cases only, (T1)",Sum of complete impulsivity facet (NEO),score 0-40,confirmed,https://wiki.lifelines.nl/doku.php?id=personality_sum_scores_neo,yes,7.18,0,32,24.0 | 25.0 | 19.0 | 20.0 | 21.0 | 27.0 | 18.0 | 23.0 | 22.0 | 17.0 | 31.0 | 15.0,,Maps to wiki SUM1_I / neocomplete_impulsivity_adu_c_1.
E_SUM_T1,FEATURE,"Sum of all items within facet Extraversion. Complete cases only, (T1)",Sum of complete excitement-seeking facet (NEO),score 0-40,confirmed,https://wiki.lifelines.nl/doku.php?id=personality_sum_scores_neo,yes,6.85,0,31,22.0 | 20.0 | 14.0 | 24.0 | 18.0 | 34.0 | 25.0 | 23.0 | 27.0 | 21.0 | 26.0 | 16.0,,Maps to wiki SUM1_E / neocomplete_excitement_adu_c_1. Bootcamp label says Extraversion facet but wiki code E = excitement-seeking.
SD_SUM_T1,FEATURE,"Sum of all items within facet Self-discipline. Complete cases only, (T1)",Sum of complete self-discipline facet (NEO),score 0-40,confirmed,https://wiki.lifelines.nl/doku.php?id=personality_sum_scores_neo,yes,6.78,0,31,30.0 | 28.0 | 31.0 | 27.0 | 22.0 | 34.0 | 33.0 | 32.0 | 20.0 | 19.0 | 17.0 | 37.0,,Maps to wiki SUM1_SD / neocomplete_selfdiscipline_adu_c_1.
V_SUM_T1,FEATURE,"Sum of all items within facet Vulnerability. Complete cases only, (T1)",Sum of complete vulnerability facet (NEO),score 0-40,confirmed,https://wiki.lifelines.nl/doku.php?id=personality_sum_scores_neo,yes,6.62,0,31,17.0 | 19.0 | 20.0 | 24.0 | 35.0 | 22.0 | 23.0 | 15.0 | 18.0 | 14.0 | 16.0 | 21.0,,Maps to wiki SUM1_V / neocomplete_vulnerability_adu_c_1.
D_SUM_T1,FEATURE,"Sum of all items within facet Deliberation. Complete cases only, (T1)",Sum of complete deliberation facet (NEO),score 0-40,confirmed,https://wiki.lifelines.nl/doku.php?id=personality_sum_scores_neo,yes,6.6,0,30,24.0 | 28.0 | 18.0 | 20.0 | 31.0 | 25.0 | 26.0 | 29.0 | 32.0 | 19.0 | 30.0 | 22.0,,Maps to wiki SUM1_D / neocomplete_deliberation_adu_c_1.
LTE_SUM_T1,FEATURE,Total number of stressful life events that happened to participant in the past year at baseline (T1),Total number of stressful life events in past year (LTE sum),count,confirmed,https://wiki.lifelines.nl/doku.php?id=stress_sum_scores,yes,2.16,0,12,3.0 | 0.0 | 1.0 | 2.0 | 6.0 | 5.0 | 4.0 | 8.0 | 7.0 | 9.0 | 10.0 | 11.0,,Wiki LTE_sum / lte_sumscore_adu_c_1. Observed 0–11+ in synth.
LDI_SUM_T1,FEATURE,Total amount of stress from long-term/chronic stressors experienced by the participant at baseline (T1),Total amount of stress from long-term/chronic stressors (LDI sum),sum score,confirmed,https://wiki.lifelines.nl/doku.php?id=stress_sum_scores,yes,2.5,0,17,0.0 | 4.0 | 1.0 | 6.0 | 10.0 | 2.0 | 7.0 | 3.0 | 11.0 | 5.0 | 8.0 | 13.0,,Wiki LDI_sum / ldi_sumscore_adu_c_1. Bootcamp label matches wiki English label.
LTE_SUM_T2,FEATURE_T2,Total number of stressful life events that happened to participant in the past year at second assessment (T2),Total number of stressful life events in past year (LTE sum),count,confirmed,https://wiki.lifelines.nl/doku.php?id=stress_sum_scores,yes,10.81,0,12,0.0 | 1.0 | 3.0 | 2.0 | 4.0 | 5.0 | 10.0 | 7.0 | 6.0 | 8.0 | 12.0 | 11.0,,Same as LTE_SUM_T1 at second assessment.
LDI_SUM_T2,FEATURE_T2,Total amount of stress from long-term/chronic stressors experienced by the participant at second assessment (T2),Total amount of stress from long-term/chronic stressors (LDI sum),sum score,confirmed,https://wiki.lifelines.nl/doku.php?id=stress_sum_scores,yes,10.56,0,20,1.0 | 3.0 | 4.0 | 5.0 | 0.0 | 2.0 | 6.0 | 7.0 | 8.0 | 11.0 | 23.0 | 9.0,,"Same construct as LDI_SUM_T1 at later assessment (wiki: 1A,1B,1C,2A,3A)."
NSES_YEAR,FEATURE,Year for which the NSES score was calculated,Year for which the NSES/status score was calculated,year,confirmed,https://wiki.lifelines.nl/doku.php?id=nses,yes,0.0,0,2,2010 | 2006,,Companion to NSES; wiki documents multi-year status scores.
NSES,FEATURE,"Neighborhood socio-economic status score according to CBS Statistics Netherlands, based on inhabitants’ educational level, income and job prospective",Neighborhood socioeconomic status (CBS/SCP status score via PC4),score,confirmed,https://wiki.lifelines.nl/doku.php?id=nses,yes,9.85,0,888,0.336271662 | -1.957.918.992 | -1.904.642.756 | -0.26803803 | -0.223783044 | 0.140553504 | -0.714622183 | -2.653.101.616 | -0.838223553 | -260.229.704 | -1.308.944.001 | 0.752572565,,"CBS/SCP status scores linked via postal code (PC4). Based on education, income, job prospect. Available 1998–2016."
